Model,Accuracy,AUC,Precision,Recall,F1,MCC
LogisticRegression,0.8097560975609757,0.9298095238095239,0.7619047619047619,0.9142857142857143,0.8311688311688312,0.630908308763638
DecisionTree,0.9853658536585366,0.9857142857142858,1.0,0.9714285714285714,0.9855072463768116,0.9711511393019859
KNN,0.8439024390243902,0.9452857142857143,0.8230088495575221,0.8857142857142857,0.8532110091743119,0.6891356409459988
NaiveBayes,0.8292682926829268,0.9042857142857142,0.8070175438596491,0.8761904761904762,0.8401826484018264,0.6601634114374199
RandomForest,1.0,1.0,1.0,1.0,1.0,1.0
XGBoost,1.0,1.0,1.0,1.0,1.0,1.0
